Entry ID,EMDB Map,split
7MDI,EMD-23773,train
5Z10,EMD-6865,train
7UMS,EMD-26608,train
8I4Y,EMD-35188,train
7OQH,EMD-12701,train
7XYC,EMD-33519,train
7NB6,EMD-12256,train
8SOY,EMD-40671,train
7SK3,EMD-25171,train
8AXL,EMD-15701,train
7XD6,EMD-33137,train
8HEU,EMD-34692,train
6TBU,EMD-10452,train
8PYS,EMD-18031,train
6Y3Y,EMD-10676,train
8B38,EMD-15823,train
7VGG,EMD-31968,train
5GRS,EMD-9537,train
5OW6,EMD-3855,train
6M5R,EMD-30090,train
6VAI,EMD-21140,train
6RVV,EMD-4443,train
6DCQ,EMD-7858,train
7Y0D,EMD-33540,train
7YQ8,EMD-34022,train
5XJY,EMD-6724,train
6ZYD,EMD-11557,train
7PKO,EMD-13474,train
7KVC,EMD-23046,train
7T8B,EMD-25743,train
8BB1,EMD-15953,train
6RLA,EMD-4917,train
7XR4,EMD-33407,train
7YHO,EMD-33832,train
7NO0,EMD-12485,train
7E5Z,EMD-30995,train
7XD5,EMD-33136,train
7OZ1,EMD-13118,train
6X6K,EMD-22076,train
6WM0,EMD-21846,train
8AG6,EMD-15417,train
7SD0,EMD-25044,train
7C76,EMD-30293,train
7APD,EMD-11852,train
6RVX,EMD-10016,train
6NN3,EMD-9110,train
5UZ9,EMD-8624,train
7TJQ,EMD-25929,train
7WO9,EMD-32643,train
8DD7,EMD-27335,train
6NJO,EMD-9390,train
6SCL,EMD-10142,train
6PEK,EMD-20327,train
6QXF,EMD-4668,train
6PSN,EMD-20459,train
8UR6,EMD-42484,train
5OYP,EMD-3863,train
7D0I,EMD-30535,train
7KCQ,EMD-22817,train
7ZUB,EMD-14971,train
7LHG,EMD-23339,train
7U65,EMD-26360,train
5BKI,EMD-9405,train
8DN9,EMD-27558,train
6UM1,EMD-20815,train
8SO3,EMD-40646,train
7T4P,EMD-25684,train
7M0R,EMD-23613,train
8DTP,EMD-27707,train
6IAT,EMD-4438,train
7N3P,EMD-24143,train
6RX4,EMD-10049,train
6RAI,EMD-4776,train
7UX1,EMD-26845,train
6M32,EMD-30069,train
7QL6,EMD-14065,train
8AVC,EMD-15678,train
7XLM,EMD-33284,train
7FDE,EMD-31541,train
6BOA,EMD-7122,train
8ESA,EMD-28573,train
7NSC,EMD-12564,train
7Q3Y,EMD-13797,train
5WC3,EMD-8795,train
7Y4S,EMD-33606,train
6MLM,EMD-9139,train
7KFZ,EMD-22857,train
7EKO,EMD-31171,train
7JRG,EMD-22445,train
8HTT,EMD-35017,train
6ZQI,EMD-11364,train
7BOZ,EMD-30137,train
6D9H,EMD-7835,train
7NYH,EMD-12652,train
7EEP,EMD-31079,train
8PHE,EMD-17659,train
6ZJY,EMD-11238,train
7YG7,EMD-33810,train
7KNS,EMD-20016,train
8A8C,EMD-15229,train
8URB,EMD-42488,train
8OXM,EMD-17265,train
6M4O,EMD-30080,train
7UVL,EMD-26813,train
6S3R,EMD-10095,train
6X0M,EMD-21979,train
6X8T,EMD-22095,train
6S7O,EMD-10110,train
7XKI,EMD-33254,train
8F7C,EMD-28902,train
5GKY,EMD-9518,train
7V1N,EMD-31628,train
7ROZ,EMD-24610,train
7NRI,EMD-12546,train
7OQZ,EMD-13035,train
5W68,EMD-8778,train
8GF5,EMD-29978,train
6PPL,EMD-20442,train
6W2X,EMD-21533,train
8BR2,EMD-16197,train
7DRD,EMD-30808,train
6F5J,EMD-4189,train
7ZXT,EMD-15016,train
7SEP,EMD-25074,train
7YL9,EMD-33215,train
7KFT,EMD-22855,train
6OF4,EMD-20042,train
7CHK,EMD-30375,train
8U5Y,EMD-41939,train
8DH7,EMD-27431,train
7D90,EMD-30616,train
7Z4W,EMD-14509,train
7VHP,EMD-32002,train
7RHS,EMD-24468,train
7U6O,EMD-26377,train
5MKF,EMD-3524,train
8DZE,EMD-27795,train
6O1M,EMD-0592,train
7ZNY,EMD-14842,train
7QKR,EMD-14049,train
6COY,EMD-7544,train
6PW4,EMD-20498,train
7U5D,EMD-26348,train
7MI4,EMD-23839,train
7DRX,EMD-30829,train
6V9Z,EMD-21132,train
8GO3,EMD-34171,train
7B0U,EMD-11971,train
5ZAL,EMD-6905,train
7TIL,EMD-25913,train
8I6Q,EMD-35203,train
7PXA,EMD-13695,train
8IPR,EMD-35641,train
6QCC,EMD-4504,train
6OJ3,EMD-20086,train
3JCF,EMD-6551,train
7MBZ,EMD-23751,train
6SH3,EMD-10192,train
6IUK,EMD-9741,train
7TAI,EMD-25775,train
8IOE,EMD-35617,train
8GN7,EMD-34156,train
6P1H,EMD-20235,train
6Z2W,EMD-11050,train
7EW1,EMD-31344,train
8OP9,EMD-17045,train
6KLC,EMD-0706,train
8PVD,EMD-17962,train
8C4T,EMD-16428,train
6Y1Z,EMD-10673,train
6UES,EMD-20755,train
8FWI,EMD-29505,train
7QPD,EMD-14119,train
7VFV,EMD-31960,train
6J8E,EMD-9780,train
7W01,EMD-32233,train
7NHR,EMD-12338,train
5U1C,EMD-8481,train
7TNX,EMD-26022,train
6WR4,EMD-21876,train
6SNH,EMD-10257,train
5MBV,EMD-3460,train
7SGD,EMD-25107,train
7Z45,EMD-14484,train
7MXL,EMD-24073,train
8IZD,EMD-35862,train
6BUZ,EMD-7293,train
7R9E,EMD-24324,train
7AUE,EMD-11927,train
6C9I,EMD-7436,train
6RW9,EMD-10035,train
7WMP,EMD-32616,train
6LHS,EMD-0896,train
6U1X,EMD-20614,train
7MPE,EMD-23932,train
7F4I,EMD-31453,train
7BZF,EMD-30252,train
7KDV,EMD-22830,train
6DZ7,EMD-8931,train
6YW5,EMD-10958,train
7SAT,EMD-24956,train
8P49,EMD-17402,train
7JI0,EMD-22341,train
6YS8,EMD-10893,train
6ME0,EMD-9105,train
7XE4,EMD-33154,train
7TU6,EMD-26127,train
7OH0,EMD-12890,train
7WIJ,EMD-32531,train
7WK7,EMD-32561,train
6LX3,EMD-30004,train
5I68,EMD-8072,train
7K0R,EMD-22610,train
6X65,EMD-22070,train
7U5U,EMD-26359,train
6YSF,EMD-10895,train
8GCC,EMD-29930,train
7WGR,EMD-32485,train
8SDA,EMD-40350,train
7SJ4,EMD-25153,train
7JVR,EMD-22511,train
8EU5,EMD-28604,train
8CDD,EMD-16569,train
6HUM,EMD-0281,train
8A3C,EMD-15112,train
7KHF,EMD-22879,train
7LMS,EMD-23441,train
8USP,EMD-42510,train
7ZEP,EMD-14691,train
7BOK,EMD-30131,train
8JCU,EMD-36165,train
6ROJ,EMD-4974,train
8BJF,EMD-16088,train
7TPG,EMD-26054,train
6JSH,EMD-9881,train
7U8G,EMD-26383,train
6RJ9,EMD-4900,train
6XFA,EMD-22168,train
5VT0,EMD-8732,train
7XKW,EMD-33209,train
8HIP,EMD-34825,train
8AMW,EMD-15527,train
7S65,EMD-24850,train
7QLA,EMD-14066,train
6OAX,EMD-20004,train
8IWO,EMD-35775,train
7SBF,EMD-24978,train
7L1U,EMD-23118,train
6K7Y,EMD-9945,train
6VVO,EMD-21405,train
7SZI,EMD-25567,train
7D5I,EMD-30582,train
7PU7,EMD-13654,train
6O58,EMD-0625,train
8PTW,EMD-17879,train
6LCP,EMD-0872,train
7VSI,EMD-31558,train
8C7G,EMD-16457,train
6V86,EMD-21096,train
6RVR,EMD-10010,train
7V4H,EMD-31711,train
8E2A,EMD-27830,train
6W4S,EMD-21539,train
7WAD,EMD-32382,train
7S62,EMD-24847,train
7YFZ,EMD-33802,train
7A7A,EMD-11676,train
6SM3,EMD-10241,train
8HNH,EMD-34913,train
7UFS,EMD-26479,train
7T9N,EMD-25763,train
8AS5,EMD-15606,train
7DH5,EMD-30678,train
8GV3,EMD-34282,train
7VDC,EMD-31913,train
7K2T,EMD-22644,train
7TVZ,EMD-26142,train
8E6J,EMD-27920,train
7P03,EMD-13142,train
6M1H,EMD-30047,train
7CAL,EMD-30334,train
7TO0,EMD-26025,train
8POG,EMD-17791,train
7VFG,EMD-31952,train
6XBZ,EMD-22123,train
6KPG,EMD-0745,train
7WUR,EMD-32839,train
6U9W,EMD-20703,train
8B7V,EMD-15903,train
5UZ7,EMD-8623,train
8IL3,EMD-35526,train
7VF2,EMD-31946,train
6V9H,EMD-21120,train
7L30,EMD-23147,train
8BLW,EMD-16114,train
7W4A,EMD-32299,train
8C60,EMD-16449,train
6UKP,EMD-20808,train
7OP3,EMD-13012,train
6W1S,EMD-21514,train
6XMF,EMD-22257,train
8ADG,EMD-15362,train
8FED,EMD-29023,train
7KH0,EMD-22872,train
6LZ1,EMD-30021,train
8EMR,EMD-28262,train
6K41,EMD-9911,train
7ZJ7,EMD-14743,train
8EAQ,EMD-27982,train
6A69,EMD-6987,train
8J4U,EMD-35978,train
7VG2,EMD-31963,train
8AFA,EMD-15393,train
6CJQ,EMD-7482,train
8EP9,EMD-28522,train
7XL6,EMD-33273,train
7UIN,EMD-26550,train
6ZBJ,EMD-11156,train
8EGR,EMD-28128,train
7ELE,EMD-31182,train
6PWN,EMD-20508,train
8F19,EMD-28788,train
7PTS,EMD-13636,train
6ZVT,EMD-11470,train
8EJL,EMD-28186,train
7YVB,EMD-34122,train
8GS3,EMD-34219,train
6S6S,EMD-10104,train
8TZJ,EMD-41760,train
7VQ3,EMD-32084,train
6VEJ,EMD-21363,train
7Y63,EMD-33632,train
8HWA,EMD-35051,train
8IRP,EMD-35682,train
6VXK,EMD-21442,train
8GP3,EMD-34188,train
7R21,EMD-14244,train
8HUJ,EMD-35041,train
8BFN,EMD-16020,train
7M6J,EMD-23698,train
8DC2,EMD-27320,train
6N3Q,EMD-0336,train
6QPW,EMD-4616,train
7YFX,EMD-33800,train
6V8I,EMD-20872,train
8D1M,EMD-27135,train
8QHP,EMD-18415,train
8ENO,EMD-28275,train
6RW8,EMD-10034,train
8T6J,EMD-41069,train
6ALF,EMD-8585,train
8K3P,EMD-36855,train
6NY1,EMD-8994,train
6OY9,EMD-20222,train
8TJQ,EMD-41308,train
8A9Y,EMD-15288,train
8EWG,EMD-28645,train
7NT5,EMD-12581,train
8PVV,EMD-17973,train
7LB5,EMD-23263,train
6LID,EMD-0904,train
6CMX,EMD-7526,train
7TO3,EMD-26028,train
7BSQ,EMD-30164,train
6ITC,EMD-9731,train
7ZR1,EMD-14881,train
6SKY,EMD-10231,train
8H1P,EMD-34430,train
3JCU,EMD-6617,train
7UHG,EMD-26514,train
6OWF,EMD-20208,train
7Q5S,EMD-13846,train
8A8E,EMD-15230,train
8BXG,EMD-16318,train
5H3O,EMD-6656,train
7AKV,EMD-11814,train
6L2T,EMD-0814,train
7ZW1,EMD-14991,train
8SDY,EMD-40354,train
8B71,EMD-15895,train
7LHL,EMD-23345,train
8PBX,EMD-17587,train
8Q3F,EMD-18126,train
6WXH,EMD-21959,train
6JNF,EMD-9851,train
6VEF,EMD-21156,train
8C1C,EMD-16378,train
7CM6,EMD-30402,train
8DAR,EMD-27273,train
8HF3,EMD-34711,train
7RTT,EMD-24688,train
6ACF,EMD-9590,train
7WWU,EMD-32873,train
5OJS,EMD-3824,train
7Z47,EMD-14486,train
6H2B,EMD-0129,train
8GHR,EMD-40047,train
8D2N,EMD-27143,train
6V0C,EMD-20993,train
8FWC,EMD-29501,train
7QWX,EMD-14194,train
8D6A,EMD-27221,train
8TDJ,EMD-41164,train
6YTK,EMD-10917,train
6IY2,EMD-9748,train
6V00,EMD-20966,train
8Q84,EMD-18246,train
6VJA,EMD-21212,train
7SB3,EMD-24968,train
8FLJ,EMD-29280,train
6S5T,EMD-10100,train
8BTZ,EMD-16244,train
8BW0,EMD-16279,train
6RQF,EMD-4981,train
6WB9,EMD-21587,train
7B9K,EMD-12104,train
7PLM,EMD-13493,train
8F6R,EMD-28889,train
8BM0,EMD-16116,train
7B4L,EMD-12002,train
8GAA,EMD-29849,train
6MCB,EMD-9066,train
7WBU,EMD-32406,train
7UZM,EMD-26915,train
7MH2,EMD-23834,train
8DED,EMD-27390,train
6VGN,EMD-21198,train
8K38,EMD-36847,train
7A8P,EMD-11679,train
6PUO,EMD-20478,train
6VAM,EMD-21143,train
7QTQ,EMD-14145,train
6TIK,EMD-10316,train
6V22,EMD-21025,train
6SB3,EMD-10134,train
5TWV,EMD-8470,train
7APX,EMD-11859,train
7B5H,EMD-12029,train
6PZW,EMD-20538,train
7SFJ,EMD-25079,train
7SWL,EMD-25474,train
6CAA,EMD-7441,train
6WKW,EMD-21811,train
8GAQ,EMD-29904,train
6BTM,EMD-7286,train
6WKT,EMD-21708,train
8CLS,EMD-16718,train
8HWB,EMD-35052,train
6NYB,EMD-0541,train
7Y6U,EMD-33648,train
6PCV,EMD-20308,train
6Z8E,EMD-11116,train
7T4K,EMD-25678,train
8GO9,EMD-34174,train
7T6V,EMD-25729,train
6SIH,EMD-10210,train
6OWT,EMD-20217,train
8PD0,EMD-17597,train
8H7Q,EMD-34524,train
6DT0,EMD-8911,train
6R3Q,EMD-4719,train
6P6I,EMD-20262,train
7WIU,EMD-32536,train
7L2R,EMD-23138,train
7BVC,EMD-30216,train
6RWB,EMD-10037,train
8CLK,EMD-16715,train
6IFK,EMD-9653,train
7PKN,EMD-13473,train
7DXI,EMD-30910,train
8CUZ,EMD-27003,train
6KWX,EMD-0780,train
7CKM,EMD-30388,train
6YUF,EMD-10930,train
6F2D,EMD-4173,train
7XY1,EMD-33507,train
7USA,EMD-26730,train
7PTQ,EMD-13633,train
8FAC,EMD-28950,train
7JNA,EMD-22403,train
8G6L,EMD-29773,train
7PHR,EMD-13427,train
6KA4,EMD-9954,train
8F4X,EMD-28858,train
8CAD,EMD-16524,train
8IYD,EMD-35818,train
7KZP,EMD-23085,train
7E7D,EMD-30999,train
3JB4,EMD-6394,train
6GDG,EMD-4390,train
7PCH,EMD-13320,train
6OSA,EMD-20181,train
6PEV,EMD-20333,train
7D3E,EMD-30555,train
6P6F,EMD-20261,train
7JPT,EMD-22422,train
7CGP,EMD-9958,train
8HMC,EMD-34895,train
7ALW,EMD-11820,train
7KIY,EMD-22890,train
6E10,EMD-8951,train
7D6X,EMD-30595,train
6R9T,EMD-4772,train
6QUE,EMD-4637,train
7VD6,EMD-31906,train
8P82,EMD-17539,train
7AWT,EMD-11930,train
6EZJ,EMD-3999,train
6YKM,EMD-10828,train
6YRF,EMD-10888,train
7L1K,EMD-23110,train
6VFH,EMD-21172,train
7NA7,EMD-24267,train
8EKA,EMD-28196,train
6HCG,EMD-0193,train
7BC6,EMD-12140,train
6K3O,EMD-9910,train
8DMB,EMD-27533,train
6YNW,EMD-10858,train
6U9F,EMD-20696,train
6BCJ,EMD-7081,train
7BST,EMD-30166,train
6H3I,EMD-0133,train
6UZB,EMD-20955,train
7Y1Q,EMD-33570,train
6WHR,EMD-21673,train
8B3O,EMD-15831,train
8G3N,EMD-29705,train
7STF,EMD-25427,train
6VRS,EMD-21371,train
6IXH,EMD-9747,train
6T72,EMD-10389,train
8F53,EMD-28859,train
7XA9,EMD-33088,train
8DMH,EMD-27538,train
7CQ6,EMD-30437,train
7B9S,EMD-12105,train
7DSX,EMD-30849,train
7Q55,EMD-13826,train
7NBN,EMD-12260,train
7ZGP,EMD-14710,train
7EUO,EMD-31323,train
6P9X,EMD-20277,train
7B6X,EMD-12057,train
7Q9Y,EMD-13876,train
6AZ0,EMD-7023,train
7U7N,EMD-26382,train
7SPB,EMD-24769,train
7BES,EMD-12158,train
7EZ2,EMD-31386,train
8IDE,EMD-35365,train
7KC4,EMD-22806,train
7T2R,EMD-25633,train
6P2R,EMD-20240,train
8JX7,EMD-36691,train
7CAD,EMD-30327,train
6RR7,EMD-4986,train
7B2M,EMD-11988,train
8JEC,EMD-36185,train
7NH9,EMD-12321,train
7OT9,EMD-13057,train
7CH8,EMD-30371,train
6VZ8,EMD-21487,train
6SHL,EMD-10200,train
6RB9,EMD-4789,train
8PHS,EMD-17673,train
8GA9,EMD-29894,train
8FGW,EMD-29073,train
8IGG,EMD-35432,train
7CR3,EMD-30446,train
6R5K,EMD-4728,train
6QJT,EMD-4567,train
8PVE,EMD-17963,train
8S91,EMD-40234,train
3JBC,EMD-5888,train
6IIC,EMD-9673,train
6NMA,EMD-0445,train
7OJ8,EMD-12939,train
7PXG,EMD-13702,train
7NP4,EMD-12513,train
6EZO,EMD-4162,train
6ZN2,EMD-11309,train
7D10,EMD-30542,train
7PL9,EMD-13485,train
7N0B,EMD-24102,train
7A4A,EMD-11630,train
6F0K,EMD-4165,train
8FTI,EMD-29433,train
7RWZ,EMD-24720,train
6LO8,EMD-0935,train
7BVP,EMD-30220,train
6U8Y,EMD-20692,train
6QZF,EMD-4685,train
6PEW,EMD-20334,train
7R0J,EMD-14223,train
7LHW,EMD-23352,train
8FWK,EMD-29511,train
8OSF,EMD-17151,train
8GZ7,EMD-34391,train
7QCN,EMD-13897,train
7ARH,EMD-11882,train
6XL6,EMD-22235,train
7MCS,EMD-23757,train
3J7V,EMD-6034,train
7LRC,EMD-23494,train
6W6M,EMD-21559,train
6QNU,EMD-4609,train
3J9D,EMD-6239,train
7Y82,EMD-33678,train
6ZH5,EMD-11214,train
7LUE,EMD-23521,train
5KIP,EMD-8253,train
6Z80,EMD-11113,train
6M6Z,EMD-30126,train
6EZM,EMD-4160,train
8BHW,EMD-16071,train
7CM3,EMD-30400,train
7MQB,EMD-23941,train
7FGF,EMD-31579,train
7XGY,EMD-33189,train
8HLA,EMD-34859,train
7B2L,EMD-11987,train
8SYM,EMD-40884,train
7NCR,EMD-12270,train
8P23,EMD-17357,train
6SHN,EMD-10201,train
6Q6I,EMD-4468,train
6VOY,EMD-21301,train
6QK7,EMD-4571,train
7O1Q,EMD-12696,train
7OLA,EMD-12975,train
7ZN5,EMD-14801,train
6V3F,EMD-21035,train
6ZY5,EMD-11550,train
7BJ2,EMD-12193,train
7RAM,EMD-24369,train
7EK3,EMD-31167,train
8TU0,EMD-41614,train
8CFA,EMD-16624,train
8FRL,EMD-29400,train
6LTH,EMD-0968,train
7ZE1,EMD-14679,train
8Q7C,EMD-18212,train
7ZO8,EMD-14843,train
7JQ9,EMD-22427,train
5WC0,EMD-8794,train
6TB9,EMD-10442,train
7B1C,EMD-11983,train
8BH1,EMD-16042,train
6L42,EMD-0828,train
8AJM,EMD-15484,train
7N88,EMD-24233,train
6Z0S,EMD-11022,train
7UXA,EMD-26856,train
7F02,EMD-31394,train
6AJ0,EMD-9629,train
8H8X,EMD-34551,train
6O7H,EMD-0641,train
7SAZ,EMD-24959,train
7EZH,EMD-31387,train
8H94,EMD-34554,train
7D3U,EMD-30567,train
7VYQ,EMD-32211,train
8IUO,EMD-35728,train
8C0W,EMD-16373,train
6O84,EMD-0650,train
7YSH,EMD-34075,train
6S44,EMD-10097,train
7CRC,EMD-30450,train
3J6X,EMD-5942,train
3J9E,EMD-6240,train
6PZK,EMD-20536,train
7F3T,EMD-31440,train
7EGK,EMD-31135,train
8AYH,EMD-15713,train
8T57,EMD-41044,train
6LAR,EMD-0862,train
7JI3,EMD-22343,train
5FVM,EMD-3329,train
7XUN,EMD-33475,train
7Q5P,EMD-13843,train
7FH1,EMD-31584,train
7DCP,EMD-30638,train
8THI,EMD-41265,train
7WLG,EMD-32571,train
7CX3,EMD-30490,train
8G01,EMD-29641,train
6N7V,EMD-0364,train
5FKX,EMD-3204,train
6RFL,EMD-4868,train
7ARC,EMD-11879,train
5OF4,EMD-3802,train
6C6L,EMD-7348,train
6RTC,EMD-4997,train
5U07,EMD-8477,train
7O3T,EMD-12708,train
6L54,EMD-0837,train
6D6Q,EMD-7808,train
8HFC,EMD-34717,train
7S82,EMD-24889,train
5Y3R,EMD-6803,train
7OD8,EMD-12822,train
8CDP,EMD-16592,train
5MZ6,EMD-3583,train
8EEU,EMD-28058,train
6YLE,EMD-10836,train
7UO2,EMD-26638,train
7NG8,EMD-12309,train
8AG3,EMD-15414,train
8C0V,EMD-16372,train
6YTX,EMD-10925,train
8DWO,EMD-27757,train
7BW0,EMD-30221,train
6W5C,EMD-21541,train
7OFH,EMD-12874,train
8EPA,EMD-28523,train
7OHF,EMD-12901,train
7T5P,EMD-25706,train
5V5S,EMD-8636,train
7R1W,EMD-14242,train
6B5B,EMD-7055,train
7EIB,EMD-31145,train
8FNW,EMD-29328,train
6K1H,EMD-9906,train
6OMM,EMD-20126,train
7FIF,EMD-31595,train
6S2E,EMD-10088,train
6YG8,EMD-10799,train
8A3B,EMD-15110,train
7MJS,EMD-23883,train
6J5U,EMD-0681,train
7VIK,EMD-32011,train
6CFW,EMD-7468,train
5LVC,EMD-4112,train
7SAU,EMD-24957,train
6KLE,EMD-0709,train
7TUY,EMD-26135,train
5TQQ,EMD-8435,train
6ZGD,EMD-11202,train
7XJY,EMD-33237,train
7RD8,EMD-24415,train
8C3Y,EMD-16415,train
7LZH,EMD-23606,train
6J6K,EMD-0690,train
6EZN,EMD-4161,train
7U5H,EMD-26350,train
5ZQZ,EMD-6940,train
8C8G,EMD-16475,train
6C5V,EMD-7344,train
6Z6G,EMD-11093,train
7LIC,EMD-23372,train
6WLB,EMD-21820,train
6HZ4,EMD-0310,train
6MRU,EMD-9213,train
6PT0,EMD-20470,train
6VRC,EMD-21367,train
7LQ6,EMD-23482,train
6RBG,EMD-4798,train
6BDF,EMD-6287,train
8I6O,EMD-35201,train
7KVE,EMD-23048,train
7PAF,EMD-13268,train
7T0V,EMD-25582,train
6BX1,EMD-7302,train
6VFE,EMD-21160,train
5YYS,EMD-6859,train
8PDL,EMD-17613,train
7QJ0,EMD-14005,train
8HHL,EMD-34803,train
6POS,EMD-20418,train
8F6T,EMD-28890,train
8EE7,EMD-28048,train
8CWL,EMD-27025,train
7LO7,EMD-23463,train
7KPV,EMD-22989,train
6T0R,EMD-10357,train
6M18,EMD-30040,train
8GVE,EMD-34291,train
6NYF,EMD-0542,train
6PQX,EMD-20455,train
7ND2,EMD-12273,train
6CT0,EMD-7610,train
8C80,EMD-16467,train
7EVP,EMD-31339,train
6MZB,EMD-9297,train
7YE4,EMD-33763,train
7XOH,EMD-33348,train
5XWY,EMD-6777,train
6B9Q,EMD-7071,train
7PMX,EMD-13543,train
5IPI,EMD-8099,train
7YKR,EMD-33895,train
6VSJ,EMD-21377,train
6VRB,EMD-21366,train
7LYS,EMD-23600,train
7KDD,EMD-22819,train
7R1Y,EMD-14243,train
7ZZY,EMD-15041,train
7RQU,EMD-24636,train
7W2J,EMD-32262,train
5Z1F,EMD-6875,train
6ADQ,EMD-9610,train
8SMR,EMD-40601,train
6A91,EMD-6996,train
6VYI,EMD-21461,train
7SC0,EMD-25007,train
7EWQ,EMD-31361,train
7UJN,EMD-26567,train
7XM1,EMD-33289,train
6VFI,EMD-21173,train
7LY4,EMD-23587,train
7DKJ,EMD-30707,train
7ONU,EMD-13002,train
8JPO,EMD-36485,train
8BNU,EMD-16135,train
6U1N,EMD-20612,train
8FMV,EMD-29297,train
7WTA,EMD-32773,train
8T9C,EMD-41106,train
6C23,EMD-7334,train
7C9R,EMD-30314,train
8IN8,EMD-35592,train
7F6I,EMD-31481,train
8A5Y,EMD-15199,train
8UH4,EMD-42246,train
5VKQ,EMD-8702,train
6OR5,EMD-9032,train
7M7F,EMD-23711,train
7V9U,EMD-31827,train
6M39,EMD-30071,train
6LMV,EMD-0921,train
6FO0,EMD-4286,train
8ISK,EMD-35693,train
6SCT,EMD-0126,train
8FMX,EMD-29299,train
6CV0,EMD-7631,train
7ZH0,EMD-14716,train
6MZC,EMD-9298,train
8POC,EMD-17788,train
8C5Y,EMD-16444,train
7R87,EMD-24310,train
3JA7,EMD-6324,train
6VTK,EMD-21380,train
7QVM,EMD-14180,train
7JSJ,EMD-22456,train
6N4V,EMD-0344,train
7BGJ,EMD-12181,train
6T6V,EMD-10387,train
8B8Q,EMD-15919,train
8BY6,EMD-16321,train
7A1D,EMD-11606,train
8F2N,EMD-28823,train
7PGP,EMD-13391,train
6W1C,EMD-21509,train
7KHA,EMD-22876,train
8I6P,EMD-35202,train
6FKF,EMD-4270,train
6XGQ,EMD-22182,train
7YI8,EMD-33853,train
7KWO,EMD-23057,train
8I8R,EMD-35250,train
7KOE,EMD-22973,train
6Z5R,EMD-11080,train
6IWW,EMD-9743,train
8PSN,EMD-17857,train
7JGR,EMD-22329,train
7SYA,EMD-25521,train
8AT6,EMD-15635,train
8PE8,EMD-17629,train
7RLT,EMD-24540,train
8UR7,EMD-42486,train
3J9P,EMD-6267,train
8EDG,EMD-28034,train
7EJ1,EMD-31148,train
8ALZ,EMD-15521,train
6RWX,EMD-10045,train
7MEZ,EMD-23808,train
7KTT,EMD-23029,train
6R7Z,EMD-4748,train
7WPZ,EMD-32693,train
8A3T,EMD-15123,train
7Z8G,EMD-14550,train
6NIL,EMD-9380,train
8B4I,EMD-15849,train
6SCN,EMD-10143,train
7YOJ,EMD-33983,train
7SHF,EMD-25126,train
6FE8,EMD-4241,train
6YMW,EMD-10846,train
7ZR0,EMD-14875,train
6LXD,EMD-30005,train
7ZDG,EMD-14645,train
8OMR,EMD-16976,train
6VK0,EMD-21222,train
6YT5,EMD-10912,train
8BYM,EMD-16328,train
6LRR,EMD-0959,train
7W3Y,EMD-32296,train
6LVB,EMD-0988,train
8ERL,EMD-28554,train
8FCU,EMD-28993,train
6L48,EMD-0832,train
7Q3D,EMD-13789,train
5ZGB,EMD-6929,train
6GH5,EMD-0001,train
7NKU,EMD-12448,train
7RXC,EMD-24728,train
8DKC,EMD-27487,train
7EQ1,EMD-31254,train
8AEY,EMD-15389,train
6ZYX,EMD-11579,train
7S20,EMD-24814,train
6EL1,EMD-3885,train
7YR6,EMD-34047,train
7NXF,EMD-12638,train
6U62,EMD-20660,train
6S8F,EMD-10120,train
6XMT,EMD-22263,train
8BAH,EMD-15948,train
6XLF,EMD-22242,train
8GNK,EMD-34167,train
6RQJ,EMD-4983,train
6SZ9,EMD-10350,train
3J5L,EMD-5771,train
6S3L,EMD-10093,train
7QD4,EMD-13906,train
7O3D,EMD-12704,train
8JNS,EMD-36450,train
6WHA,EMD-21669,train
8ES7,EMD-28570,train
5URF,EMD-8598,train
7DCE,EMD-30636,train
8FO1,EMD-29338,train
8I4M,EMD-35175,train
7T92,EMD-25750,train
6IP2,EMD-9698,train
6VU8,EMD-21388,train
6DJY,EMD-7944,train
7ZJ4,EMD-14740,train
6YSN,EMD-10903,train
7P8N,EMD-13254,train
7K5W,EMD-22617,train
6B3Q,EMD-7041,train
8PVG,EMD-17965,train
6J0N,EMD-9765,train
7PTU,EMD-13638,train
8PCZ,EMD-17596,train
7MHZ,EMD-23837,train
6UJA,EMD-20794,train
6MZV,EMD-9308,train
5WPT,EMD-8882,train
7N8N,EMD-24238,train
6E2R,EMD-8969,train
6PO3,EMD-20408,train
8HFS,EMD-34726,train
6R21,EMD-4706,train
8SA2,EMD-40262,train
8V0F,EMD-42853,train
6XEZ,EMD-22160,train
6RKW,EMD-4913,train
7O7Q,EMD-12753,train
6S6B,EMD-10102,train
6XBD,EMD-22116,train
8IP4,EMD-35631,train
6RJ0,EMD-4899,train
6V0B,EMD-20986,train
6HV8,EMD-0287,train
5FWK,EMD-3337,train
6Y9B,EMD-10735,train
6JT0,EMD-9883,train
8JZS,EMD-36752,train
8HII,EMD-34817,train
7SG7,EMD-25106,train
8HIF,EMD-34815,train
6IDF,EMD-9648,train
6I9E,EMD-4433,train
7DTE,EMD-30852,train
6IRS,EMD-9721,train
6YE4,EMD-10789,train
8CA1,EMD-16515,train
8B9G,EMD-15931,train
7R76,EMD-24292,train
6X67,EMD-22072,train
7SQ0,EMD-25373,train
5Y5Y,EMD-6811,train
8E3S,EMD-27871,train
7B8P,EMD-12088,train
7LA4,EMD-23245,train
7E2D,EMD-30955,train
7OJG,EMD-12950,train
6LZ3,EMD-30022,train
7KOO,EMD-22979,train
6L7C,EMD-0842,train
6HUG,EMD-0275,train
6E9E,EMD-9013,train
7YPX,EMD-34017,train
6LLE,EMD-0912,train
8D46,EMD-27176,train
7S8N,EMD-24898,train
6JBH,EMD-9790,train
5LK7,EMD-4063,train
7FEC,EMD-31552,train
6CA0,EMD-7439,train
5KGF,EMD-8246,train
7AMY,EMD-11827,train
8I9J,EMD-35274,train
8EIZ,EMD-28167,train
8PFB,EMD-17645,train
6WUH,EMD-21913,train
6W6W,EMD-21567,train
7Q60,EMD-13848,train
7SGR,EMD-25116,train
5FJ9,EMD-3179,train
7V6C,EMD-31742,train
8BMW,EMD-16126,train
5WLN,EMD-8860,train
7Q1U,EMD-13764,train
8EFV,EMD-28101,train
6S6V,EMD-10107,train
6XLY,EMD-22252,train
7OXO,EMD-13102,train
8SQZ,EMD-40715,train
6SO5,EMD-10266,train
7KS3,EMD-23015,train
7KDT,EMD-22829,train
6VXM,EMD-21444,train
6NTS,EMD-0510,train
5YZ0,EMD-6862,train
6VQT,EMD-21356,train
6TE8,EMD-10476,train
6IV6,EMD-9742,train
8THR,EMD-41269,train
8BOB,EMD-16140,train
7W72,EMD-32336,train
7BKC,EMD-12209,train
5VA2,EMD-8651,train
7PTK,EMD-13628,train
7ZCU,EMD-14633,train
8J5Z,EMD-35996,train
6OKR,EMD-20102,train
5K0U,EMD-8189,train
7E8E,EMD-31016,train
8HBN,EMD-34638,train
7Y59,EMD-33613,train
7T9G,EMD-25757,train
7KW7,EMD-23050,train
6JQL,EMD-9873,train
7RKF,EMD-24496,train
6VYF,EMD-21458,train
7EW3,EMD-31346,train
7LMZ,EMD-23443,train
8HD0,EMD-34668,train
7KLU,EMD-22918,train
6UD3,EMD-20731,train
7O0Y,EMD-12683,train
7CKB,EMD-30384,train
6CNM,EMD-7537,train
6UT4,EMD-20865,train
8WBA,EMD-37418,train
7T4Q,EMD-25685,train
7BWM,EMD-30233,train
8P53,EMD-17445,train
6B3J,EMD-7039,train
7OS2,EMD-13046,train
8A1R,EMD-15084,train
8P51,EMD-17436,train
7LEY,EMD-23294,train
6XE9,EMD-22145,train
3JB6,EMD-6408,train
6TG9,EMD-10495,train
6OUC,EMD-20202,train
7WNX,EMD-32634,train
7F9W,EMD-31499,train
8DKM,EMD-27490,train
8J2F,EMD-35948,train
7F92,EMD-31495,train
7OXP,EMD-13103,train
6HCR,EMD-0198,train
7QDU,EMD-13926,train
8BLO,EMD-16110,train
6NF4,EMD-9360,train
6RD4,EMD-4805,train
8J60,EMD-33735,train
7VH1,EMD-31983,train
6Y83,EMD-10722,train
7USL,EMD-26738,train
7LWD,EMD-23545,train
8G0L,EMD-29657,train
7LN0,EMD-23444,train
7YMX,EMD-33946,train
6YJ6,EMD-10817,train
5BKF,EMD-9403,train
6RWN,EMD-10043,train
8EL8,EMD-28224,train
6RKD,EMD-4907,train
6VBU,EMD-21144,train
6WCZ,EMD-21618,train
6LBH,EMD-0869,train
7R6L,EMD-24281,train
8GHT,EMD-40050,train
7UOL,EMD-26649,train
8U0V,EMD-41788,train
6B7N,EMD-7063,train
7UM0,EMD-24763,train
7WSM,EMD-32760,train
7XN4,EMD-33310,train
7FIL,EMD-31602,train
7U5K,EMD-26353,train
6GY6,EMD-0088,train
7XZI,EMD-33528,train
8FEI,EMD-29028,train
8VD8,EMD-43145,train
7MK2,EMD-23884,train
7B1D,EMD-11984,train
7JLU,EMD-22380,train
8EAI,EMD-27977,train
6X2K,EMD-22010,train
7A4F,EMD-11631,train
7N5D,EMD-24186,train
6XZP,EMD-10664,train
7D68,EMD-30590,train
8DQL,EMD-27656,train
8GQY,EMD-34203,train
7MN5,EMD-23916,train
6CSX,EMD-7609,train
7KX7,EMD-23061,train
7XDD,EMD-33144,train
7O42,EMD-12716,train
6D03,EMD-7783,train
7E21,EMD-30949,train
8OPH,EMD-17053,train
7D76,EMD-30602,train
6S8N,EMD-10125,train
6NZU,EMD-0560,train
7E1Y,EMD-30946,train
7S9V,EMD-24938,train
7NUR,EMD-12600,train
7PKR,EMD-13478,train
5N9Y,EMD-3605,train
8F5O,EMD-28866,train
7TXV,EMD-26161,train
7PTV,EMD-13641,train
7LZJ,EMD-23608,train
8X7U,EMD-38111,train
3J7Y,EMD-2762,train
7UFG,EMD-26475,train
8FJP,EMD-29245,train
6NT8,EMD-0505,train
8BF8,EMD-16016,train
8HR8,EMD-34963,train
6VPC,EMD-21308,train
7UAL,EMD-26428,train
7X6S,EMD-33026,train
7OG5,EMD-12878,train
8GSZ,EMD-34244,train
6PPU,EMD-20447,train
8B3P,EMD-15832,train
6Q0X,EMD-20555,train
6GIY,EMD-0008,train
7ZMD,EMD-14795,train
7AUA,EMD-11926,train
5OYB,EMD-3860,train
8B0F,EMD-15779,train
7KIP,EMD-22889,train
7OCA,EMD-12802,train
7YID,EMD-33855,train
6WAZ,EMD-21582,train
7T6F,EMD-25715,train
7DTT,EMD-30853,train
6TMG,EMD-10520,train
6XZC,EMD-10658,train
6QM9,EMD-4592,train
4UI9,EMD-2924,train
7F5A,EMD-31463,train
5JZH,EMD-8185,train
7QOG,EMD-14089,train
7O24,EMD-12698,train
8IQH,EMD-35670,train
6U5O,EMD-20651,train
7RKX,EMD-24506,train
6Z16,EMD-11027,train
7LKH,EMD-23408,train
7WKS,EMD-32568,train
6MGV,EMD-9112,train
7YV9,EMD-34121,train
7MGM,EMD-23829,train
6X64,EMD-22069,train
6GYB,EMD-0089,train
7SVA,EMD-25446,train
7OZ3,EMD-13119,train
7D0G,EMD-30533,train
7F6D,EMD-31478,train
7ANZ,EMD-11835,train
8OPQ,EMD-17085,train
3JCO,EMD-6574,train
6DUZ,EMD-8913,train
8SXT,EMD-40858,train
7RYZ,EMD-24749,train
7TC7,EMD-25804,train
8SOR,EMD-40669,train
6JPQ,EMD-9870,train
7ZDZ,EMD-14678,train
7U2B,EMD-26311,train
8S9P,EMD-40241,train
8E29,EMD-27829,train
7C2K,EMD-30275,train
6IZL,EMD-9754,train
6POD,EMD-20412,train
6XBK,EMD-22118,train
8F6Q,EMD-28888,train
8E8O,EMD-27945,train
8G6R,EMD-29779,train
6YBP,EMD-10770,train
7WQW,EMD-32714,train
6WHG,EMD-21672,train
6H6E,EMD-0149,train
8B6V,EMD-15882,train
3JCM,EMD-6561,train
7WSW,EMD-32769,train
8T1J,EMD-40969,train
6ZH2,EMD-11211,train
7E2I,EMD-30958,train
8D3R,EMD-27163,train
7UVP,EMD-26815,train
8E9H,EMD-27964,train
7STL,EMD-25432,train
8J9Y,EMD-36119,train
6OU9,EMD-20198,train
7MYN,EMD-24081,train
6LQH,EMD-0945,train
5FLC,EMD-3213,train
6VFJ,EMD-21174,train
8QA4,EMD-18298,train
6LVF,EMD-0992,train
5KEL,EMD-8240,train
7L9P,EMD-23244,train
7VX8,EMD-32171,train
6W8N,EMD-21575,train
8EQN,EMD-28540,train
8SRO,EMD-40736,train
7F6H,EMD-31480,train
8I4T,EMD-35183,train
7DCQ,EMD-30639,train
8F7A,EMD-28899,train
8BXF,EMD-16317,train
7ZVT,EMD-14986,train
8E28,EMD-27828,train
8HJ4,EMD-34832,train
7N59,EMD-24183,train
6HCY,EMD-0199,train
7SSP,EMD-25412,train
8AVV,EMD-15684,train
7NTF,EMD-12588,train
8EKW,EMD-28214,train
7PTX,EMD-13642,train
7R7T,EMD-24304,train
6GVE,EMD-0071,train
8TVU,EMD-41651,train
6XSS,EMD-22305,train
7ZAY,EMD-14582,train
8D82,EMD-27244,train
8EAG,EMD-27975,train
6C05,EMD-7322,train
7B6Z,EMD-12060,train
8GHB,EMD-40039,train
7ZGX,EMD-14714,train
5TQW,EMD-8436,train
6GTE,EMD-0063,train
6TYI,EMD-20583,train
8Q4H,EMD-18148,train
6KNF,EMD-0730,train
8JV5,EMD-36668,train
7YQC,EMD-34023,train
8G3G,EMD-29695,train
3J9W,EMD-6306,train
7USC,EMD-26732,train
8GW7,EMD-34304,train
7WJO,EMD-32547,train
6VX4,EMD-21429,train
6N2D,EMD-9327,train
7QFP,EMD-13946,train
8FSJ,EMD-29419,train
7PX8,EMD-13691,train
8JHR,EMD-36285,train
7CTE,EMD-30462,train
6ROW,EMD-4975,train
8F1C,EMD-28793,train
6NPY,EMD-0476,train
6GJC,EMD-0011,train
6WBX,EMD-21600,train
7DEG,EMD-30657,train
8TQE,EMD-41503,train
8JAN,EMD-36130,train
6ZPH,EMD-11339,train
7RZW,EMD-24780,train
6X4S,EMD-22042,val
8HF4,EMD-34712,val
8AA4,EMD-15293,val
6FSZ,EMD-4301,val
6TTF,EMD-10575,val
7SQT,EMD-25394,val
8J5D,EMD-35985,val
7E4X,EMD-30988,val
6W4P,EMD-21536,val
6JCV,EMD-9798,val
7ZK6,EMD-14756,val
8C0Z,EMD-16376,val
7C7A,EMD-30297,val
6FHS,EMD-4264,val
7LAR,EMD-23249,val
7TCG,EMD-25811,val
6K7G,EMD-9931,val
7Q0B,EMD-13743,val
6OLM,EMD-20117,val
6P7M,EMD-20266,val
8HKK,EMD-34853,val
6TMV,EMD-10528,val
6D7L,EMD-7823,val
8BKG,EMD-16097,val
6KGX,EMD-9976,val
7OEW,EMD-12823,val
6MHQ,EMD-9116,val
8KFA,EMD-37203,val
8J97,EMD-36090,val
7ZP9,EMD-14851,val
6SSM,EMD-10298,val
8G7N,EMD-29817,val
7P00,EMD-13140,val
6LFM,EMD-0877,val
7DFG,EMD-30663,val
3J6B,EMD-2566,val
6CM9,EMD-7457,val
7JHH,EMD-22337,val
8P2M,EMD-17370,val
7SLQ,EMD-25198,val
8G1U,EMD-29677,val
8EKI,EMD-28204,val
8HDR,EMD-34678,val
6VN1,EMD-21247,val
7ZC6,EMD-14622,val
8DEU,EMD-27399,val
7E8G,EMD-31018,val
8HVH,EMD-35043,val
8DFM,EMD-27408,val
8GHZ,EMD-40054,val
6QCS,EMD-4511,val
7DRC,EMD-30826,val
7JTH,EMD-22473,val
8ECI,EMD-28016,val
7T6U,EMD-25728,val
7D0K,EMD-30537,val
7D61,EMD-30587,val
8F0R,EMD-28778,val
8D49,EMD-27178,val
8RFH,EMD-19121,val
8DE7,EMD-27386,val
8GJJ,EMD-40091,val
8I79,EMD-35212,val
7MVU,EMD-24056,val
7DL2,EMD-30708,val
7UQI,EMD-26695,val
6ZYY,EMD-11581,val
7F3X,EMD-31442,val
7B03,EMD-11955,val
7YES,EMD-33776,val
8DR8,EMD-27674,val
8ATD,EMD-15646,val
6YLF,EMD-10837,val
7WIY,EMD-32540,val
6Z6F,EMD-11092,val
8B4Z,EMD-15855,val
